{
  "bat": {
    "avg": {
      "mean": 0.2415338401558055,
      "std": 0.05149325267432152
    },
    "obp": {
      "mean": 0.3227328688389254,
      "std": 0.056289563282320085
    },
    "slg": {
      "mean": 0.38919555762197494,
      "std": 0.11344568896606337
    },
    "hr": {
      "mean": 2.4350877192982456,
      "std": 2.1716265411922455
    },
    "r": {
      "mean": 10.189473684210526,
      "std": 4.688084343387068
    },
    "rbi": {
      "mean": 9.771929824561404,
      "std": 5.077012327197366
    },
    "sb": {
      "mean": 1.6842105263157894,
      "std": 2.102278586183163
    },
    "so": {
      "mean": 18.796491228070174,
      "std": 7.246099129931923
    }
  },
  "pit": {
    "era": {
      "mean": 4.19594167695815,
      "std": 2.478141757793063
    },
    "whip": {
      "mean": 1.3464489956711958,
      "std": 0.43335355563811406
    },
    "hld": {
      "mean": 1.0048780487804878,
      "std": 1.5412935997848178
    },
    "so": {
      "mean": 14.834146341463414,
      "std": 8.468121275100136
    },
    "hr": {
      "mean": 1.748780487804878,
      "std": 1.6178308198234068
    },
    "sv": {
      "mean": 0.4658536585365854,
      "std": 1.215772314229759
    },
    "w": {
      "mean": 0.8853658536585366,
      "std": 0.9391384156300233
    },
    "qs": {
      "mean": 0.573170731707317,
      "std": 1.0618723432172568
    }
  }
}